{"cameraMode":{"drawMode":0,"name":"Shaded","section":"Shading Mode"},"sceneLighting":true,"audioPlay":false,"sceneViewState":{"showFog":true,"showMaterialUpdate":true,"showSkybox":true,"showFlares":true,"showImageEffects":true,"showParticleSystems":true},"in2DMode":false,"pivot":{"x":-1.9835805892944337,"y":-0.5353908538818359,"z":2.3455677032470705},"rotation":{"x":0.18236251175403596,"y":0.39287781715393069,"z":-0.07980315387248993,"w":0.8977872729301453},"size":19.671640396118165,"orthographic":false}