{"cameraMode":{"drawMode":0,"name":"Shaded","section":"Shading Mode"},"sceneLighting":true,"audioPlay":false,"sceneViewState":{"showFog":true,"showMaterialUpdate":true,"showSkybox":true,"showFlares":true,"showImageEffects":true,"showParticleSystems":true},"in2DMode":false,"pivot":{"x":1.451958417892456,"y":-1.3259639739990235,"z":2.655214786529541},"rotation":{"x":-0.2650803327560425,"y":-0.11622881889343262,"z":0.03220880776643753,"w":-0.9566546082496643},"size":12.06271743774414,"orthographic":false}