{"cameraMode":{"drawMode":0,"name":"Shaded","section":"Shading Mode"},"sceneLighting":true,"audioPlay":false,"sceneViewState":{"showFog":true,"showMaterialUpdate":true,"showSkybox":true,"showFlares":true,"showImageEffects":true,"showParticleSystems":true},"in2DMode":false,"pivot":{"x":72.14407348632813,"y":49.0904541015625,"z":35.927398681640628},"rotation":{"x":-0.015055030584335328,"y":-0.1813722848892212,"z":0.0027770542073994877,"w":-0.9832966923713684},"size":159.17279052734376,"orthographic":false}