{"cameraMode":{"drawMode":0,"name":"Shaded","section":"Shading Mode"},"sceneLighting":true,"audioPlay":false,"sceneViewState":{"showFog":true,"showMaterialUpdate":true,"showSkybox":true,"showFlares":true,"showImageEffects":true,"showParticleSystems":true},"in2DMode":false,"pivot":{"x":-2.0887985229492189,"y":2.548764228820801,"z":10.267045974731446},"rotation":{"x":-0.1430463194847107,"y":-0.5933395028114319,"z":0.10815943777561188,"w":-0.7847219109535217},"size":18.507171630859376,"orthographic":false}